Tweet ID,Hashtags
Posts_1,#Nature
Posts_1,#Park
Posts_2,#Traffic
Posts_2,#Morning
Posts_3,#Fitness
Posts_3,#Workout
Posts_4,#Travel
Posts_4,#Adventure
Posts_5,#Cooking
Posts_5,#Food
Posts_6,#Gratitude
Posts_6,#PositiveVibes
Posts_7,#RainyDays
Posts_7,#Cozy
Posts_8,#MovieNight
Posts_8,#MustWatch
Posts_9,#Politics
Posts_9,#Debate
Posts_10,#Summer
Posts_10,#BeachDays
Posts_11,#Blogging
Posts_11,#NewPost
Posts_12,#SickDay
Posts_12,#Health
Posts_13,#CityExplore
Posts_13,#HiddenGems
Posts_14,#NewYear
Posts_14,#FitnessGoals
Posts_15,#Tech
Posts_15,#Innovation
Posts_16,#Reflection
Posts_16,#Future
Posts_17,#PetAdoption
Posts_17,#FurryFriend
Posts_18,#Gaming
Posts_18,#LateNight
Posts_19,#AI
Posts_19,#TechConference
Posts_20,#WinterBlues
Posts_20,#Mood
Posts_21,#Reading
Posts_21,#CoffeeTime
Posts_22,#VR
Posts_22,#VirtualReality
Posts_23,#Productivity
Posts_23,#WorkFromHome
Posts_24,#Fitness
Posts_24,#ChallengeAccepted
Posts_25,#Career
Posts_25,#Milestone
Posts_26,#Brunch
Posts_26,#Friends
Posts_27,#LanguageLearning
Posts_27,#PersonalGrowth
Posts_28,#Reading
Posts_28,#QuietTime
Posts_29,#MentalHealth
Posts_29,#SelfCare
Posts_30,#Art
Posts_30,#PaintingInProgress
Posts_31,#RoadTrip
Posts_31,#ScenicViews
Posts_32,#TeaTime
Posts_32,#Sunset
Posts_33,#Coding
Posts_33,#Enthusiasm
Posts_34,#Inspiration
Posts_34,#Workshop
Posts_35,#WinterSports
Posts_35,#Fun
Posts_36,#FamilyTime
Posts_36,#Weekend
Posts_37,#Music
Posts_37,#ConcertNight
Posts_38,#Mindfulness
Posts_38,#Meditation
Posts_39,#Dessert
Posts_39,#Cooking
Posts_40,#Gaming
Posts_40,#Tournament
Posts_41,#Gardening
Posts_41,#Spring
Posts_42,#Birthday
Posts_42,#Celebration
Posts_43,#Accomplished
Posts_43,#Success
Posts_44,#CozyNight
Posts_44,#MovieTime
Posts_45,#Art
Posts_45,#GalleryExplore
Posts_46,#BookRelease
Posts_46,#FavoriteAuthor
Posts_47,#VRMeetup
Posts_47,#VirtualReality
Posts_48,#Nature
Posts_48,#Reflection
Posts_49,#Cooking
Posts_49,#SpecialDinner
Posts_50,#Optimism
Posts_50,#NewWeek
Posts_51,#FitnessChallenge
Posts_51,#NewBeginnings
Posts_52,#BikeRide
Posts_52,#ScenicTrails
Posts_53,#Injustice
Posts_53,#Angry
Posts_54,#Fear
Posts_54,#ThrillerMovie
Posts_55,#Sadness
Posts_55,#NaturalDisaster
Posts_56,#Disgust
Posts_56,#Environment
Posts_57,#Happiness
Posts_57,#Celebration
Posts_58,#Joy
Posts_58,#ComedyShow
Posts_59,#Love
Posts_59,#SpreadLove
Posts_60,#Amusement
Posts_60,#FunTimes
Posts_61,#Enjoyment
Posts_61,#BookTime
Posts_62,#Admiration
Posts_62,#Nature
Posts_63,#Affection
Posts_63,#PositiveVibes
Posts_64,#Awe
Posts_64,#Breathtaking
Posts_65,#Disappointed
Posts_65,#BadService
Posts_66,#Surprise
Posts_66,#Gift
Posts_67,#Acceptance
Posts_67,#Challenges
Posts_68,#Adoration
Posts_68,#PetLove
Posts_69,#Anticipation
Posts_69,#Adventure
Posts_70,#BitterLesson
Posts_70,#Growth
Posts_71,#Calmness
Posts_71,#PeacefulMind
Posts_72,#Confusion
Posts_72,#DecisionMaking
Posts_73,#Excitement
Posts_73,#TravelPlans
Posts_74,#Kindness
Posts_74,#Humanity
Posts_75,#Pride
Posts_75,#Milestone
Posts_76,#Shame
Posts_76,#Injustice
Posts_77,#Anger
Posts_77,#Argument
Posts_78,#Fear
Posts_78,#Unknown
Posts_79,#Sadness
Posts_79,#Farewell
Posts_80,#Disgust
Posts_80,#Corruption
Posts_81,#Happiness
Posts_81,#NewFamilyMember
Posts_82,#Joy
Posts_82,#StandUpComedy
Posts_83,#Love
Posts_83,#SpreadLove
Posts_84,#Amusement
Posts_84,#PetAntics
Posts_85,#Enjoyment
Posts_85,#Travel
Posts_86,#Admiration
Posts_86,#Volunteers
Posts_87,#Affection
Posts_87,#FamilyLove
Posts_88,#Awe
Posts_88,#StarryNight
Posts_89,#Disappointed
Posts_89,#Project
Posts_90,#Surprise
Posts_90,#OldFriends
Posts_91,#Acceptance
Posts_91,#LifeJourney
Posts_92,#Adoration
Posts_92,#PuppyLove
Posts_93,#Anticipation
Posts_93,#MovieRelease
Posts_94,#BitterExperience
Posts_94,#CustomerService
Posts_95,#Calmness
Posts_95,#InnerPeace
Posts_96,#Confusion
Posts_96,#MakingSense
Posts_97,#Excitement
Posts_97,#SurpriseParty
Posts_98,#Kindness
Posts_98,#ActsOfKindness
Posts_99,#Pride
Posts_99,#FitnessChallengeCompleted
Posts_100,#Shame
Posts_100,#Injustice
Posts_101,#Acceptance
Posts_101,#Diversity
Posts_102,#Excitement
Posts_102,#BookTime
Posts_103,#Bitter
Posts_103,#Unfairness
Posts_104,#Calmness
Posts_104,#Mindfulness
Posts_105,#Confusion
Posts_105,#LifeChoices
Posts_106,#Excitement
Posts_106,#WeekendAdventure
Posts_107,#Kindness
Posts_107,#HumanityRestored
Posts_108,#Pride
Posts_108,#Accomplishments
Posts_109,#Shame
Posts_109,#Integrity
Posts_110,#Elation
Posts_110,#Memories
Posts_111,#Euphoria
Posts_111,#Victory
Posts_112,#Contentment
Posts_112,#Nature
Posts_113,#Serenity
Posts_113,#Meditation
Posts_114,#Gratitude
Posts_114,#Blessed
Posts_115,#Hope
Posts_115,#Optimism
Posts_116,#Empowerment
Posts_116,#Community
Posts_117,#Compassion
Posts_117,#CharityEvent
Posts_118,#Tenderness
Posts_118,#FamilyTime
Posts_119,#Arousal
Posts_119,#Excitement
Posts_120,#Enthusiasm
Posts_120,#NewProject
Posts_121,#Fulfillment
Posts_121,#Milestone
Posts_122,#Reverence
Posts_122,#History
Posts_123,#Elation
Posts_123,#OldFriends
Posts_124,#Euphoria
Posts_124,#LiveMusic
Posts_125,#Contentment
Posts_125,#SundayMood
Posts_126,#Serenity
Posts_126,#BookTime
Posts_127,#Gratitude
Posts_127,#Supportive
Posts_128,#Hope
Posts_128,#NewBeginnings
Posts_129,#Empowerment
Posts_129,#PersonalGrowth
Posts_130,#Compassion
Posts_130,#HolidaySupport
Posts_131,#Tenderness
Posts_131,#CozyEvening
Posts_132,#Arousal
Posts_132,#AdventureTime
Posts_133,#Enthusiasm
Posts_133,#Creativity
Posts_134,#Fulfillment
Posts_134,#FitnessGoals
Posts_135,#Reverence
Posts_135,#ArtAppreciation
Posts_136,#Elation
Posts_136,#PersonalAchievement
Posts_137,#Elation
Posts_137,#HiddenGem
Posts_138,#Euphoria
Posts_138,#BirthdaySurprise
Posts_139,#Contentment
Posts_139,#HomeCooking
Posts_140,#Serenity
Posts_140,#PeacefulMelody
Posts_141,#Gratitude
Posts_141,#CommunitySupport
Posts_142,#Hope
Posts_142,#BusinessVenture
Posts_143,#Empowerment
Posts_143,#Mentorship
Posts_144,#Compassion
Posts_144,#CommunityKindness
Posts_145,#Tenderness
Posts_145,#LoveNote
Posts_146,#Arousal
Posts_146,#TravelAdventure
Posts_147,#Enthusiasm
Posts_147,#ArtisticProject
Posts_148,#Fulfillment
Posts_148,#HelpingOthers
Posts_149,#Reverence
Posts_149,#HistoricalSite
Posts_150,#Elation
Posts_150,#FitnessMilestone
Posts_151,#Euphoria
Posts_151,#ProductLaunchSuccess
Posts_152,#Contentment
Posts_152,#Love
Posts_153,#Serenity
Posts_153,#SunsetViews
Posts_154,#Gratitude
Posts_154,#SmallJoys
Posts_155,#Hope
Posts_155,#PersonalDevelopment
Posts_156,#Empowerment
Posts_156,#SkillBuilding
Posts_157,#Compassion
Posts_157,#VolunteerWork
Posts_158,#Tenderness
Posts_158,#PetLove
Posts_159,#Arousal
Posts_159,#FestivalExcitement
Posts_160,#Enthusiasm
Posts_160,#HomeImprovement
Posts_161,#Fulfillment
Posts_161,#PuzzleChallenge
Posts_162,#Reverence
Posts_162,#NatureExploration
Posts_163,#Elation
Posts_163,#FriendshipReunion
Posts_164,#Despair
Posts_164,#Struggle
Posts_165,#Grief
Posts_165,#Loss
Posts_166,#Loneliness
Posts_166,#Isolation
Posts_167,#Jealousy
Posts_167,#Envy
Posts_168,#Resentment
Posts_168,#Bitterness
Posts_169,#Frustration
Posts_169,#Obstacles
Posts_170,#Boredom
Posts_170,#LackOfInterest
Posts_171,#Anxiety
Posts_171,#Worry
Posts_172,#Intimidation
Posts_172,#Fear
Posts_173,#Helplessness
Posts_173,#Overwhelmed
Posts_174,#Envy
Posts_174,#Desire
Posts_175,#Regret
Posts_175,#MissedChances
Posts_176,#Disgust
Posts_176,#Injustice
Posts_177,#Despair
Posts_177,#Hopeless
Posts_178,#Grief
Posts_178,#Tears
Posts_179,#Loneliness
Posts_179,#SeekingConnection
Posts_180,#Jealousy
Posts_180,#Insecurity
Posts_181,#Resentment
Posts_181,#BrokenTrust
Posts_182,#Frustration
Posts_182,#EmotionalOutburst
Posts_183,#Boredom
Posts_183,#Monotony
Posts_184,#Anxiety
Posts_184,#Restlessness
Posts_185,#Intimidation
Posts_185,#FacingFear
Posts_186,#Helplessness
Posts_186,#Struggling
Posts_187,#Envy
Posts_187,#Success
Posts_188,#Regret
Posts_188,#PastChoices
Posts_189,#Disgust
Posts_189,#Corruption
Posts_190,#Despair
Posts_190,#DarkDays
Posts_191,#Grief
Posts_191,#EmotionalStorm
Posts_192,#Loneliness
Posts_192,#YearningForConnection
Posts_193,#Jealousy
Posts_193,#Resentment
Posts_194,#Resentment
Posts_194,#Unforgiving
Posts_195,#Frustration
Posts_195,#EmotionalOutburst
Posts_196,#Boredom
Posts_196,#Stagnation
Posts_197,#Curiosity
Posts_197,#Learning
Posts_198,#Indifference
Posts_198,#DigitalOverload
Posts_199,#Confusion
Posts_199,#LifePuzzle
Posts_200,#Numbness
Posts_200,#EmotionalShield
Posts_201,#Melancholy
Posts_201,#SunsetMoments
Posts_202,#Nostalgia
Posts_202,#MemoryLane
Posts_203,#Ambivalence
Posts_203,#UncertainChoices
Posts_204,#Acceptance
Posts_204,#LifeJourney
Posts_205,#Determination
Posts_205,#AchieveTheImpossible
Posts_206,#Serenity
Posts_206,#NatureRetreat
Posts_207,#Curiosity
Posts_207,#KnowledgeQuest
Posts_208,#Indifference
Posts_208,#FloatingThroughLife
Posts_209,#Confusion
Posts_209,#ThoughtLabyrinth
Posts_210,#Numbness
Posts_210,#StoicFacade
Posts_211,#Melancholy
Posts_211,#WhispersInTheBreeze
Posts_212,#Nostalgia
Posts_212,#JournalMoments
Posts_213,#Ambivalence
Posts_213,#ConflictingFeelings
Posts_214,#Acceptance
Posts_214,#SelfLoveJourney
Posts_215,#Determination
Posts_215,#DreamsIntoReality
Posts_216,#Serenity
Posts_216,#OceanRetreat
Posts_217,#Curiosity
Posts_217,#NewHorizons
Posts_218,#Indifference
Posts_218,#DriftingThroughLife
Posts_219,#Confusion
Posts_219,#PerplexedMind
Posts_220,#Numbness
Posts_220,#EmotionalShield
Posts_221,#Melancholy
Posts_221,#WistfulHeart
Posts_222,#Nostalgia
Posts_222,#YearbookMemories
Posts_223,#Ambivalence
Posts_223,#ShadesOfUncertainty
Posts_224,#Acceptance
Posts_224,#ImperfectJourney
Posts_225,#Determination
Posts_225,#UnparalleledHeights
Posts_226,#Serenity
Posts_226,#NatureWhispers
Posts_227,#Indifference
Posts_227,#SilentObserver
Posts_228,#Confusion
Posts_228,#ThoughtLabyrinth
Posts_229,#Numbness
Posts_229,#StoicResilience
Posts_230,#Melancholy
Posts_230,#BittersweetMemories
Posts_231,#Nostalgia
Posts_231,#DiaryJourney
Posts_232,#Ambivalence
Posts_232,#ConflictingEmotions
Posts_233,#Acceptance
Posts_233,#BeautifulChaos
Posts_234,#Determination
Posts_234,#ExtraordinaryPath
Posts_235,#Serenity
Posts_235,#RaindropMelody
Posts_236,#Curiosity
Posts_236,#SeekerOfKnowledge
Posts_237,#Indifference
Posts_237,#DriftingThroughLife
Posts_238,#Confusion
Posts_238,#LabyrinthOfThoughts
Posts_239,#Numbness
Posts_239,#EmotionalStorms
Posts_240,#Melancholy
Posts_240,#WistfulYearning
Posts_241,#Nostalgia
Posts_241,#PhotoAlbumStories
Posts_242,#Ambivalence
Posts_242,#CrossroadsConfusion
Posts_243,#Acceptance
Posts_243,#UnpredictableArt
Posts_244,#Determination
Posts_244,#SculptingDreams
Posts_245,#Serenity
Posts_245,#MoonlitPeace
Posts_246,#Curiosity
Posts_246,#FearlessExplorer
Posts_247,#Numbness
Posts_247,#EmotionalStorms
Posts_248,#Zest
Posts_248,#CarefreeSpirit
Posts_249,#Contentment
Posts_249,#GoldenGlow
Posts_250,#Hopeful
Posts_250,#CanvasOfDreams
Posts_251,#Proud
Posts_251,#BranchesOfAchievement
Posts_252,#Grateful
Posts_252,#BlossomingConnection
Posts_253,#Empathetic
Posts_253,#TapestryOfUnderstanding
Posts_254,#Compassionate
Posts_254,#ShowerOfEmpathy
Posts_255,#Playful
Posts_255,#DanceInTheRain
Posts_256,#FreeSpirit
Posts_256,#PaintingTheSky
Posts_257,#Inspired
Posts_257,#CreativePhoenix
Posts_258,#Hopeful
Posts_258,#SunriseOfPossibilities
Posts_259,#Confident
Posts_259,#FootprintsOfAssuredness
Posts_260,#Serenity
Posts_260,#MoonlitSerenade
Posts_261,#Curiosity
Posts_261,#LabyrinthOfQuestions
Posts_262,#Ambivalence
Posts_262,#AutumnWaltz
Posts_263,#Grateful
Posts_263,#GuidingStar
Posts_264,#Zest
Posts_264,#FieldsOfEnthusiasm
Posts_265,#Compassionate
Posts_265,#TearsOfEmpathy
Posts_266,#Proud
Posts_266,#ScalingPeaks
Posts_267,#Hopeful
Posts_267,#SeedsOfOptimism
Posts_268,#Playful
Posts_268,#CarnivalEscapade
Posts_269,#Inspired
Posts_269,#CloudsOfCreativity
Posts_270,#Contentment
Posts_270,#TranquilWaters
Posts_271,#Empathetic
Posts_271,#LanternOfCompassion
Posts_272,#FreeSpirit
Posts_272,#WingsOfDreams
Posts_273,#Grateful
Posts_273,#GoldenHues
Posts_274,#Confident
Posts_274,#DanceOfLife
Posts_275,#Hopeful
Posts_275,#BrighterTomorrows
Posts_276,#Playful
Posts_276,#JugglingResponsibilities
Posts_277,#Inspired
Posts_277,#TalesToTheStars
Posts_278,#Hopeful
Posts_278,#SailorOfDreams
Posts_279,#Compassionate
Posts_279,#TearsOfEmpathy
Posts_280,#Proud
Posts_280,#ScalingPeaks
Posts_281,#Hopeful
Posts_281,#SeedsOfOptimism
Posts_282,#Playful
Posts_282,#CarnivalEscapade
Posts_283,#Inspired
Posts_283,#CloudsOfCreativity
Posts_284,#Contentment
Posts_284,#TranquilWaters
Posts_285,#Empathetic
Posts_285,#LanternOfCompassion
Posts_286,#FreeSpirit
Posts_286,#WingsOfDreams
Posts_287,#Grateful
Posts_287,#GoldenHues
Posts_288,#Confident
Posts_288,#DanceOfLife
Posts_289,#Hopeful
Posts_289,#BrighterTomorrows
Posts_290,#Playful
Posts_290,#JugglingResponsibilities
Posts_291,#Inspired
Posts_291,#TalesToTheStars
Posts_292,#Hopeful
Posts_292,#SailorOfDreams
Posts_293,#Compassionate
Posts_293,#TearsOfEmpathy
Posts_294,#Proud
Posts_294,#ScalingPeaks
Posts_295,#Hopeful
Posts_295,#SeedsOfOptimism
Posts_296,#Playful
Posts_296,#CarnivalEscapade
Posts_297,#Despair
Posts_297,#EchoingSilence
Posts_298,#Bitterness
Posts_298,#ResentmentWeb
Posts_299,#Loneliness
Posts_299,#MiragesOfConnection
Posts_300,#Yearning
Posts_300,#DistantWarmth
Posts_301,#Fearful
Posts_301,#ImaginedHorrors
Posts_302,#Apprehensive
Posts_302,#BalancingAct
Posts_303,#Overwhelmed
Posts_303,#BouldersOfExhaustion
Posts_304,#Jealous
Posts_304,#GreenEyedMonster
Posts_305,#Devastated
Posts_305,#WindsOfBrokenPromises
Posts_306,#Frustrated
Posts_306,#UnsolvablePuzzle
Posts_307,#Envious
Posts_307,#GildedPrize
Posts_308,#Dismissive
Posts_308,#ImpenetrableWalls
Posts_309,#Frustrated
Posts_309,#MosaicOfDisappointment
Posts_310,#Loneliness
Posts_310,#SolitaryNocturne
Posts_311,#Fearful
Posts_311,#SpecterOfTheUnknown
Posts_312,#Bitterness
Posts_312,#BitterAftertaste
Posts_313,#Overwhelmed
Posts_313,#DrowningSoul
Posts_314,#Jealous
Posts_314,#HeartOfDiscontent
Posts_315,#Devastated
Posts_315,#ShatteredTrust
Posts_316,#Frustrated
Posts_316,#SlippingThreads
Posts_317,#Envious
Posts_317,#BitterPill
Posts_318,#Dismissive
Posts_318,#IndifferencePerformance
Posts_319,#Despair
Posts_319,#LabyrinthOfHopelessness
Posts_320,#Bitterness
Posts_320,#IciclesOfResentment
Posts_321,#Loneliness
Posts_321,#StarlessSky
Posts_322,#Yearning
Posts_322,#HuesOfSunset
Posts_323,#Fearful
Posts_323,#LurkingMonsters
Posts_324,#Apprehensive
Posts_324,#StormOfDoubt
Posts_325,#Overwhelmed
Posts_325,#MinotaurOfPressure
Posts_326,#Jealous
Posts_326,#BloomingAchievements
Posts_327,#Devastated
Posts_327,#EchoesOfShatteredDreams
Posts_328,#Frustrated
Posts_328,#LabyrinthOfMiscommunication
Posts_329,#Envious
Posts_329,#DesireForKeys
Posts_330,#Dismissive
Posts_330,#IndifferencePerformance
Posts_331,#Frustrated
Posts_331,#MosaicOfDisappointment
Posts_332,#Loneliness
Posts_332,#SolitaryNocturne
Posts_333,#Awe
Posts_333,#BreathtakingSunrise
Posts_334,#Determination
Posts_334,#Challenges
Posts_335,#Nostalgia
Posts_335,#OldMemories
Posts_336,#Thrill
Posts_336,#CulturalCelebration
Posts_337,#Calmness
Posts_337,#RainyDays
Posts_338,#Overwhelmed
Posts_338,#SupportiveCommunity
Posts_339,#Excitement
Posts_339,#VacationCountdown
Posts_340,#Gratitude
Posts_340,#LifeLessons
Posts_341,#Bittersweet
Posts_341,#Farewell
Posts_342,#Curiosity
Posts_342,#AncientDiscovery
Posts_343,#Admiration
Posts_343,#HandcraftedArt
Posts_344,#Overjoyed
Posts_344,#WinterWarmth
Posts_345,#Inspiration
Posts_345,#ColorfulSunset
Posts_346,#Motivation
Posts_346,#FitnessGoals
Posts_347,#Gratitude
Posts_347,#MorningCoffee
Posts_348,#Empowerment
Posts_348,#HikingAdventure
Posts_349,#Amusement
Posts_349,#PlayfulKittens
Posts_350,#Contemplation
Posts_350,#StarryNight
Posts_351,#JoyfulReunion
Posts_351,#Friendship
Posts_352,#Excitement
Posts_352,#SurpriseCelebration
Posts_353,#Satisfaction
Posts_353,#DIYProject
Posts_354,#Blessed
Posts_354,#SupportiveCommunity
Posts_355,#Serenity
Posts_355,#TranquilGarden
Posts_356,#Anticipation
Posts_356,#AdventureAwaits
Posts_357,#Reflection
Posts_357,#PersonalGrowth
Posts_358,#Nostalgia
Posts_358,#ChildhoodFavorites
Posts_359,#Appreciation
Posts_359,#CulturalExperience
Posts_360,#Confidence
Posts_360,#OvercomingAnxiety
Posts_361,#Contentment
Posts_361,#FamilyLaughter
Posts_362,#Enthusiasm
Posts_362,#SkillBuilding
Posts_363,#Surprise
Posts_363,#HiddenGem
Posts_364,#Accomplishment
Posts_364,#FitnessSuccess
Posts_365,#Wonderment
Posts_365,#DoubleRainbow
Posts_366,#Optimism
Posts_366,#BrightFuture
Posts_367,#Pride
Posts_367,#CareerMilestone
Posts_368,#Happiness
Posts_368,#SunnyDay
Posts_369,#Elation
Posts_369,#RareBookDiscovery
Posts_370,#Curiosity
Posts_370,#AncientMysteries
Posts_371,#Enchantment
Posts_371,#CosmicFireflies
Posts_372,#Intrigue
Posts_372,#AbstractArt
Posts_373,#PlayfulJoy
Posts_373,#ChildrensPlaydate
Posts_374,#Mindfulness
Posts_374,#LakeTranquility
Posts_375,#DreamChaser
Posts_375,#SkyHighDreams
Posts_376,#Elegance
Posts_376,#BallroomDance
Posts_377,#Whimsy
Posts_377,#MagicalWorld
Posts_378,#Pensive
Posts_378,#AncientCivilization
Posts_379,#Thrill
Posts_379,#RollercoasterAdventure
Posts_380,#Harmony
Posts_380,#MusicalUnity
Posts_381,#Creativity
Posts_381,#ArtistsHaven
Posts_382,#Radiance
Posts_382,#SpringBlooms
Posts_383,#Wonder
Posts_383,#StargazingAdventure
Posts_384,#Rejuvenation
Posts_384,#SeasideEscape
Posts_385,#Inspiration
Posts_385,#ForestWhispers
Posts_386,#Coziness
Posts_386,#WarmWinterEvening
Posts_387,#Gratitude
Posts_387,#FamilyLaughter
Posts_388,#Adventure
Posts_388,#CulinaryJourney
Posts_389,#Euphoria
Posts_389,#PuzzleCompletion
Posts_390,#Awe
Posts_390,#ArchitecturalGrandeur
Posts_391,#Enchantment
Posts_391,#FireflyField
Posts_392,#Melodic
Posts_392,#StreetMusic
Posts_393,#FestiveJoy
Posts_393,#SummerCarnival
Posts_394,#InnerJourney
Posts_394,#MeditationBliss
Posts_395,#Freedom
Posts_395,#CoastalAdventure
Posts_396,#Dazzle
Posts_396,#MasqueradeElegance
Posts_397,#Whimsy
Posts_397,#FairyTaleMagic
Posts_398,#Reflection
Posts_398,#ForgottenEra
Posts_399,#Adrenaline
Posts_399,#RollercoasterThrills
Posts_400,#Harmony
Posts_400,#MusicalUnity
Posts_401,#ArtisticBurst
Posts_401,#StudioCreativity
Posts_402,#Radiance
Posts_402,#SpringBlooms
Posts_403,#Wonder
Posts_403,#StargazingAdventure
Posts_404,#Rejuvenation
Posts_404,#SeasideEscape
Posts_405,#Inspiration
Posts_405,#ForestWhispers
Posts_406,#Coziness
Posts_406,#WarmWinterEvening
Posts_407,#Gratitude
Posts_407,#FamilyLaughter
Posts_408,#CulinaryOdyssey
Posts_408,#FlavorsAroundTheWorld
Posts_409,#Euphoria
Posts_409,#PerfectPuzzle
Posts_410,#Awe
Posts_410,#ArchitecturalGrandeur
Posts_411,#Curiosity
Posts_411,#AncientMysteries
Posts_412,#Excitement
Posts_412,#SnowfallMagic
Posts_413,#Contentment
Posts_413,#FreshBreadAroma
Posts_414,#Resilience
Posts_414,#StandingTall
Posts_415,#Immersion
Posts_415,#CaptivatingNovel
Posts_416,#Nostalgia
Posts_416,#FamilyPhotoAlbum
Posts_417,#Spark
Posts_417,#InspirationIgnited
Posts_418,#Gratitude
Posts_418,#WarmTea
Posts_419,#Marvel
Posts_419,#ColorfulStreetMarket
Posts_420,#Serenity
Posts_420,#TranquilSunset
Posts_421,#Heartbreak
Posts_421,#LostLove
Posts_422,#Loneliness
Posts_422,#HeavyHeart
Posts_423,#Grief
Posts_423,#LostFriendship
Posts_424,#Despair
Posts_424,#EndlessDarkness
Posts_425,#Betrayal
Posts_425,#ShatteredTrust
Posts_426,#Suffering
Posts_426,#HeartacheSymphony
Posts_427,#EmotionalStorm
Posts_427,#SadnessWhirlwind
Posts_428,#Regret
Posts_428,#HauntedPast
Posts_429,#Grief
Posts_429,#TornApart
Posts_430,#Isolation
Posts_430,#EmotionalWinter
Posts_431,#Disappointment
Posts_431,#CrushedHopes
Posts_432,#LostLove
Posts_432,#PainfulEchoes
Posts_433,#Despair
Posts_433,#AbyssOfHeartache
Posts_434,#Melancholy
Posts_434,#QuietSerenade
Posts_435,#Bitterness
Posts_435,#WoundedHeart
Posts_436,#Exhaustion
Posts_436,#CrushedSpirit
Posts_437,#Sorrow
Posts_437,#SymphonyOfLoss
Posts_438,#Darkness
Posts_438,#SoulEngulfed
Posts_439,#Desperation
Posts_439,#GlimmerOfHope
Posts_440,#Ruins
Posts_440,#ShatteredDreams
Posts_441,#Desolation
Posts_441,#ScatteredHope
Posts_442,#Regret
Posts_442,#PathOfRemorse
Posts_443,#Grief
Posts_443,#LostJoyFootsteps
Posts_444,#Loneliness
Posts_444,#CrashingWaves
Posts_445,#Bitterness
Posts_445,#StainedTrust
Posts_446,#Desolation
Posts_446,#WhisperedLoss
Posts_447,#Heartbreak
Posts_447,#RippleOfDespair
Posts_448,#Grief
Posts_448,#SilentTears
Posts_449,#Betrayal
Posts_449,#ReverberatingPromises
Posts_450,#Resilience
Posts_450,#TightropeWalk
Posts_451,#Isolation
Posts_451,#SilentSolitude
Posts_452,#Regret
Posts_452,#FadingPossibilities
Posts_453,#Despair
Posts_453,#EndlessReverberation
Posts_454,#Sorrow
Posts_454,#AutumnLeaves
Posts_455,#Desolation
Posts_455,#ShatteredHopes
Posts_456,#Grief
Posts_456,#LostLoveLonging
Posts_457,#Betrayal
Posts_457,#ClosingWalls
Posts_458,#Heartbreak
Posts_458,#CalmAfterStorm
Posts_459,#Despair
Posts_459,#UnraveledHope
Posts_460,#Loss
Posts_460,#SilentSurrender
Posts_461,#Heartache
Posts_461,#LoveSongLonging
Posts_462,#Nostalgia
Posts_462,#CherishedMemories
Posts_463,#Grief
Posts_463,#MelancholicMelody
Posts_464,#Betrayal
Posts_464,#PoisonedTrust
Posts_465,#Despair
Posts_465,#DeepDescent
Posts_466,#Desolation
Posts_466,#UntoldSorrows
Posts_467,#Regret
Posts_467,#PastCurrents
Posts_468,#Loss
Posts_468,#ForgottenLove
Posts_469,#Betrayal
Posts_469,#ShatteredVows
Posts_470,#Solitude
Posts_470,#ShadowConversation
Posts_471,#Joy
Posts_471,#SimpleMoments
Posts_472,#Happiness
Posts_472,#SpiritLifter
Posts_473,#Contentment
Posts_473,#InnerPeace
Posts_474,#Enthusiasm
Posts_474,#HopefulJourney
Posts_475,#Gratitude
Posts_475,#ThankfulMelody
Posts_476,#Accomplishment
Posts_476,#HappinessMilestone
Posts_477,#Positivity
Posts_477,#SoulUpliftment
Posts_478,#Joy
Posts_478,#CherishedMoment
Posts_479,#Kindness
Posts_479,#LoveStitches
Posts_480,#Friendship
Posts_480,#CamaraderieBlooms
Posts_481,#Love
Posts_481,#RhythmOfAffection
Posts_482,#Joy
Posts_482,#EndlessSmiles
Posts_483,#Excitement
Posts_483,#IgnitedSoul
Posts_484,#Surprise
Posts_484,#WonderfulMoment
Posts_485,#Curiosity
Posts_485,#TreasuresOfDiscovery
Posts_486,#Gratitude
Posts_486,#ShowerOfThankfulness
Posts_487,#Inspiration
Posts_487,#BrilliantTrails
Posts_488,#Success
Posts_488,#NightSkyTriumph
Posts_489,#Happiness
Posts_489,#BoundlessLaughter
Posts_490,#Thrill
Posts_490,#WildHeartRide
Posts_491,#Reflection
Posts_491,#ParisianDreams
Posts_492,#Enchantment
Posts_492,#ChildhoodFantasies
Posts_493,#Excitement
Posts_493,#SymphonyOfSpeed
Posts_494,#Joy
Posts_494,#SpringtimeColors
Posts_495,#Exploration
Posts_495,#JapaneseTraditions
Posts_496,#Awe
Posts_496,#EarthsGrandeur
Posts_497,#Serenity
Posts_497,#SunsetHues
Posts_498,#Amazement
Posts_498,#AncientTales
Posts_499,#Romance
Posts_499,#TimelessCity
Posts_500,#Awe
Posts_500,#AncientCivilizations
Posts_501,#Excitement
Posts_501,#UrbanEnergy
Posts_502,#Captivation
Posts_502,#GladiatorTales
Posts_503,#Serenity
Posts_503,#ParadiseWhispers
Posts_504,#Wonder
Posts_504,#NatureOrchestra
Posts_505,#Awe
Posts_505,#EngineeringMarvels
Posts_506,#Accomplishment
Posts_506,#SunriseHues
Posts_507,#Exploration
Posts_507,#KhmerStories
Posts_508,#Adventure
Posts_508,#SnowPeakDance
Posts_509,#Tranquility
Posts_509,#ZenWisdom
Posts_510,#Grandeur
Posts_510,#IcyMasterpiece
Posts_511,#Emotion
Posts_511,#AdeleConcert
Posts_512,#Energy
Posts_512,#BeyonceConcert
Posts_513,#Enchantment
Posts_513,#TaylorSwift
Posts_514,#Nostalgia
Posts_514,#QueenTribute
Posts_515,#Serenity
Posts_515,#EdSheeranConcert
Posts_516,#Joy
Posts_516,#BrunoMars
Posts_517,#Celebration
Posts_517,#MJTribute
Posts_518,#Charm
Posts_518,#SinatraTribute
Posts_519,#Ecstasy
Posts_519,#MetallicaConcert
Posts_520,#Hope
Posts_520,#ColdplayMagic
Posts_521,#Enthusiasm
Posts_521,#JustinBieber
Posts_522,#Creativity
Posts_522,#LadyGaga
Posts_523,#Emotion
Posts_523,#AdeleMelodies
Posts_524,#Colorful
Posts_524,#KatyPerry
Posts_525,#Pride
Posts_525,#JayZAnthem
Posts_526,#Hypnotic
Posts_526,#ShakiraRhythms
Posts_527,#Connection
Posts_527,#U2Anthem
Posts_528,#Iconic
Posts_528,#GNRConcert
Posts_529,#Euphoria
Posts_529,#ArianaGrande
Posts_530,#Journey
Posts_530,#BobMarleyTribute
Posts_531,#Excitement
Posts_531,#MoviePremiereThrills
Posts_532,#Nostalgia
Posts_532,#ClassicFilmMoments
Posts_533,#Engagement
Posts_533,#WebSeriesJourney
Posts_534,#Pride
Posts_534,#IndieFilmSuccess
Posts_535,#Touched
Posts_535,#FamilyDramaMoments
Posts_536,#Gratitude
Posts_536,#OscarWinningMoment
Posts_537,#Inspiration
Posts_537,#HiddenGemDiscovery
Posts_538,#Contemplation
Posts_538,#DeepMeanings
Posts_539,#Suspense
Posts_539,#CrimeSeriesThrills
Posts_540,#Satisfaction
Posts_540,#FulfillingEnding
Posts_541,#Joy
Posts_541,#WorldCupTriumph
Posts_542,#Inspiration
Posts_542,#OlympicAchievement
Posts_543,#Excitement
Posts_543,#CricketChampionship
Posts_544,#Admiration
Posts_544,#MarathonRecords
Posts_545,#Captivation
Posts_545,#TennisRivalry
Posts_546,#Triumph
Posts_546,#BasketballFinals
Posts_547,#Awe
Posts_547,#GolfVictory
Posts_548,#Thrill
Posts_548,#Formula1Championship
Posts_549,#Determination
Posts_549,#CyclingChampion
Posts_550,#Heartwarming
Posts_550,#HockeyFinalsComeback
Posts_551,#Disappointment
Posts_551,#SoccerDefeats
Posts_552,#Frustration
Posts_552,#TennisSetback
Posts_553,#Reflection
Posts_553,#BoxingDefeat
Posts_554,#Obstacle
Posts_554,#CyclingFrustration
Posts_555,#Sympathy
Posts_555,#GymnasticsFall
Posts_556,#Pressure
Posts_556,#GolfDefeat
Posts_557,#RenewedEffort
Posts_557,#BasketballStruggles
Posts_558,#Miscalculation
Posts_558,#SwimmingDisappointment
Posts_559,#Challenge
Posts_559,#WeightliftingFailure
Posts_560,#Despair
Posts_560,#OwnGoal
Posts_561,#Tranquility
Posts_561,#SunsetBeauty
Posts_562,#Adventure
Posts_562,#RoadTripMemories
Posts_563,#Solace
Posts_563,#CafeReflection
Posts_564,#Creativity
Posts_564,#StreetArtVibes
Posts_565,#Breakthrough
Posts_565,#ScientificDiscovery
Posts_566,#Harmony
Posts_566,#OrchestraMelody
Posts_567,#JoyInBaking
Posts_567,#HomemadeDelights
Posts_568,#EnvisioningHistory
Posts_568,#MuseumTales
Posts_569,#Imagination
Posts_569,#LiteraryEscape
Posts_570,#Vibrancy
Posts_570,#MarketStories
Posts_571,#Mesmerizing
Posts_571,#NightDancePerformance
Posts_572,#CulinaryAdventure
Posts_572,#StreetFoodDelights
Posts_573,#WinterMagic
Posts_573,#SnowyLandscapes
Posts_574,#ThrillingJourney
Posts_574,#MysteryNovel
Posts_575,#NaturesBeauty
Posts_575,#FloralJoy
Posts_576,#CelestialWonder
Posts_576,#Stargazing
Posts_577,#CreativeInspiration
Posts_577,#CoffeeJourney
Posts_578,#RunwayCreativity
Posts_578,#FashionInnovation
Posts_579,#OceansFreedom
Posts_579,#SurfingThrills
Posts_580,#WhispersOfThePast
Posts_580,#HistoricalTour
Posts_581,#CrushStruggles
Posts_581,#AvoidingEyeContact
Posts_582,#SnackCrisis
Posts_582,#TeenLife
Posts_583,#SelfieStruggle
Posts_583,#TeenConfessions
Posts_584,#TeenProblems
Posts_584,#LostHeadphones
Posts_585,#StudyingMemes
Posts_585,#TeenLife
Posts_586,#WeekendOops
Posts_586,#TeenFashion
Posts_587,#TeenSuccess
Posts_587,#ProjectMiracle
Posts_588,#TeenChef
Posts_588,#CookingFail
Posts_589,#ClassEvent
Posts_589,#TeenExcitement
Posts_590,#BookDiscoveries
Posts_590,#TeenReading
Posts_591,#GameOn
Posts_591,#TeenGamer
Posts_592,#BingeWatchDay
Posts_592,#TeenLife
Posts_593,#FashionGoals
Posts_593,#TeenStyle
Posts_594,#InstrumentLearning
Posts_594,#TeenMusic
Posts_595,#MusicTherapy
Posts_595,#TeenPlaylist
Posts_596,#CookingSuccess
Posts_596,#TeenCook
Posts_597,#GetawayGoals
Posts_597,#TeenTravel
Posts_598,#MusicMagic
Posts_598,#TeenConcert
Posts_599,#ChildhoodMemories
Posts_599,#TeenCartoons
Posts_600,#DIYGoals
Posts_600,#TeenCreative
Posts_601,#CulturalDay
Posts_601,#TeenCuriosity
Posts_602,#BloggingJourney
Posts_602,#TeenThoughts
Posts_603,#QuietMoments
Posts_603,#BookishEscape
Posts_604,#AgingGracefully
Posts_604,#Memories
Posts_605,#ArtDiscovery
Posts_605,#SeniorArtist
Posts_606,#HappinessInFood
Posts_606,#SeniorLife
Posts_607,#MindEnrichment
Posts_607,#SeniorLearning
Posts_608,#MusicLover
Posts_608,#SeniorConcert
Posts_609,#NatureCapture
Posts_609,#SeniorMoments
Posts_610,#FriendshipGoals
Posts_610,#SeniorBonding
Posts_611,#CherishedPlaces
Posts_611,#SeniorTravel
Posts_612,#MusicHarmony
Posts_612,#SeniorVoices
Posts_613,#MindfulLiving
Posts_613,#SeniorCalm
Posts_614,#NatureWonders
Posts_614,#SeniorGarden
Posts_615,#LifeWellLived
Posts_615,#SeniorWine
Posts_616,#CreativityAtAnyAge
Posts_616,#SeniorCreativity
Posts_617,#LifetimeExperiences
Posts_617,#SeniorMemoir
Posts_618,#LifetimeAdventure
Posts_618,#SeniorCuriosity
Posts_619,#KitchenMemories
Posts_619,#SeniorCulinary
Posts_620,#OutdoorBeauty
Posts_620,#SeniorClicks
Posts_621,#TimelessTunes
Posts_621,#SeniorJazz
Posts_622,#SoulfulWriting
Posts_622,#SeniorReflections
Posts_623,#DiscoverNewPlaces
Posts_623,#SeniorTravel
Posts_624,#RoadTripDownMemoryLane
Posts_624,#SeniorCars
Posts_625,#GardenFriends
Posts_625,#SeniorGreenThumb
Posts_626,#HeartwarmingMoments
Posts_626,#SeniorFamily
Posts_627,#DanceLife
Posts_627,#SeniorMoves
Posts_628,#CreativeExpressions
Posts_628,#SeniorArt
Posts_629,#BookishTalks
Posts_629,#SeniorBookworms
Posts_630,#FriendshipSunshine
Posts_630,#SeniorMemories
Posts_631,#StagePassion
Posts_631,#SeniorTheater
Posts_632,#NatureTrailBlazer
Posts_632,#SeniorExplorer
Posts_633,#LifeInPictures
Posts_633,#SeniorExhibition
Posts_634,#OpenRoadAdventures
Posts_634,#SeniorCycling
Posts_635,#AgedToPerfection
Posts_635,#SeniorCheers
Posts_636,#GracefulMoves
Posts_636,#SeniorDance
Posts_637,#CommunityArt
Posts_637,#SeniorCreativity
Posts_638,#FriendshipAdventures
Posts_638,#SeniorNostalgia
Posts_639,#CelestialWonders
Posts_639,#SeniorAstronomy
Posts_640,#TimelessTunes
Posts_640,#SeniorJazz
Posts_641,#LifeLessons
Posts_641,#SeniorBlog
Posts_642,#RunForACause
Posts_642,#SeniorSupport
Posts_643,#PhysicsSurvivor
Posts_643,#HighSchoolAdventures
Posts_644,#CodingAdventure
Posts_644,#HighSchoolCoderLife
Posts_645,#DebateWarrior
Posts_645,#HighSchoolDebater
Posts_646,#PhotographyClub
Posts_646,#HighSchoolPhotographer
Posts_647,#PromDreams
Posts_647,#HighSchoolFairytale
Posts_648,#OutdoorClassroom
Posts_648,#HighSchoolExplorer
Posts_649,#ArtisticMishaps
Posts_649,#HighSchoolArt
Posts_650,#SkaterLife
Posts_650,#HighSchoolSkater
Posts_651,#KpopFangirl
Posts_651,#HighSchoolMusic
Posts_652,#ChemistryWizard
Posts_652,#HighSchoolScientist
Posts_653,#BirthdayParty
Posts_653,#HighSchoolCelebration
Posts_654,#DramaClubStar
Posts_654,#HighSchoolActor
Posts_655,#FantasyBookNerd
Posts_655,#HighSchoolReader
Posts_656,#DoodleMaster
Posts_656,#HighSchoolArt
Posts_657,#HandstandChallenge
Posts_657,#HighSchoolAthlete
Posts_658,#SnackSmuggler
Posts_658,#HighSchoolSnacks
Posts_659,#SleepoverFun
Posts_659,#HighSchoolMemories
Posts_660,#DanceFail
Posts_660,#HighSchoolTikTok
Posts_661,#SocialMediaBlunder
Posts_661,#HighSchoolAwkward
Posts_662,#CrushFail
Posts_662,#HighSchoolEmbarrassment
Posts_663,#PaperPlaneExpert
Posts_663,#HighSchoolArt
Posts_664,#TextbookJuggling
Posts_664,#HighSchoolSkills
Posts_665,#SnackNinja
Posts_665,#HighSchoolSnacks
Posts_666,#SurpriseAdventure
Posts_666,#HighSchoolFun
Posts_667,#RainDance
Posts_667,#HighSchoolJoy
Posts_668,#TextingFail
Posts_668,#HighSchoolAwkward
Posts_669,#MagicFail
Posts_669,#HighSchoolMagic
Posts_670,#OrigamiMaster
Posts_670,#HighSchoolArt
Posts_671,#HackySackChallenge
Posts_671,#HighSchoolAthlete
Posts_672,#FriendshipGoals
Posts_672,#HighSchoolMemories
Posts_673,#BurgerQuest
Posts_673,#HighSchoolFoodie
Posts_674,#StandUpComedy
Posts_674,#HighSchoolTalent
Posts_675,#LoveLetterFail
Posts_675,#HighSchoolAwkward
Posts_676,#ScienceGeek
Posts_676,#HighSchoolExperiments
Posts_677,#FriendshipBracelets
Posts_677,#HighSchoolCrafts
Posts_678,#CartwheelChallenge
Posts_678,#HighSchoolAthlete
Posts_679,#MovieNight
Posts_679,#HighSchoolMemories
Posts_680,#HairExperiment
Posts_680,#HighSchoolStyle
Posts_681,#TimeCapsule
Posts_681,#HighSchoolNostalgia
Posts_682,#FirstDayOops
Posts_682,#HighSchoolEmbarrassment
Posts_683,#HealthyLiving
Posts_683,#HighSchoolWellness
Posts_684,#SchoolChallenges
Posts_684,#HighSchoolStruggles
Posts_685,#OnlineHate
Posts_685,#HighSchoolReality
Posts_686,#BadDay
Posts_686,#HighSchoolBlues
Posts_687,#Disappointment
Posts_687,#HighSchoolSports
Posts_688,#CafeteriaDrama
Posts_688,#HighSchoolTension
Posts_689,#AcademicFrustration
Posts_689,#HighSchoolStress
Posts_690,#LifeChallenges
Posts_690,#HighSchoolStruggles
Posts_691,#LonelyNights
Posts_691,#HighSchoolEmotions
Posts_692,#StopCyberbullying
Posts_692,#HighSchoolReality
Posts_693,#BadLuck
Posts_693,#HighSchoolWeather
Posts_694,#MissedChances
Posts_694,#HighSchoolRegret
Posts_695,#RumorMills
Posts_695,#HighSchoolDrama
Posts_696,#BadLuckDay
Posts_696,#HighSchoolStruggles
Posts_697,#SayingGoodbye
Posts_697,#HighSchoolEmotions
Posts_698,#CollegeDreams
Posts_698,#HighSchoolJourney
Posts_699,#OnlineGaming
Posts_699,#HighSchoolGamer
Posts_700,#BadHairDay
Posts_700,#HighSchoolConfidence
Posts_701,#ProjectStruggles
Posts_701,#HighSchoolHardships
Posts_702,#OnlineOpinions
Posts_702,#HighSchoolCriticism
Posts_703,#TechIssues
Posts_703,#HighSchoolTech
Posts_704,#MissedMoments
Posts_704,#HighSchoolRegret
Posts_705,#StudyStrategies
Posts_705,#HighSchoolExams
Posts_706,#EnvironmentalEfforts
Posts_706,#HighSchoolCommunity
Posts_707,#BookClub
Posts_707,#HighSchoolReads
Posts_708,#BakingAdventures
Posts_708,#HighSchoolBakes
Posts_709,#Teamwork
Posts_709,#HighSchoolProjects
Posts_710,#SchoolClubs
Posts_710,#HighSchoolInterests
Posts_711,#CareerDevelopment
Posts_711,#HighSchoolJobs
Posts_712,#SchoolEvents
Posts_712,#HighSchoolConnectivity
Posts_713,#PhotographyJourney
Posts_713,#HighSchoolHobbies
Posts_714,#ScienceFair
Posts_714,#HighSchoolScience
Posts_715,#EfficiencyGoals
Posts_715,#HighSchoolSkills
Posts_716,#CommunityService
Posts_716,#HighSchoolVolunteer
Posts_717,#TeamSpirit
Posts_717,#HighSchoolProjects
Posts_718,#DebateSkills
Posts_718,#HighSchoolIntellect
Posts_719,#SurpriseParty
Posts_719,#HighSchoolCelebration
Posts_720,#CodingTriumph
Posts_720,#HighSchoolTech
Posts_721,#TalentShow
Posts_721,#HighSchoolEntertainment
Posts_722,#NatureAdventures
Posts_722,#HighSchoolFriends
Posts_723,#SportsTriumph
Posts_723,#HighSchoolAthletics
Posts_724,#GlobalFriendship
Posts_724,#HighSchoolCorrespondence
Posts_725,#ArtCollaboration
Posts_725,#HighSchoolCreativity
Posts_726,#ArtisticExpression
Posts_726,#HighSchoolCreativity
Posts_727,#AthleticAchievement
Posts_727,#HighSchoolSports
Posts_728,#ScienceFairWinner
Posts_728,#HighSchoolScience
Posts_729,#SurpriseCelebration
Posts_729,#HighSchoolFriendship
Posts_730,#CommunityGiving
Posts_730,#HighSchoolPhilanthropy
Posts_731,#CulturalCelebration
Posts_731,#HighSchoolUnity
Posts_732,#VirtualEntertainment
Posts_732,#HighSchoolPositivity
